use DB_Consolidado;

insert into Estudiante values ('2019205181','70320769','M','Los claveles 301','948924621','Mario','Urquizo','Diaz','B','Especial 1');
insert into Estudiante values ('2019223212','40284582','F','Av. Dolores 302','918427239','Luisa','Zapana','Ruiz','C','Regular');
insert into Estudiante values ('2017928532','70123999','F','Urb. La quinta E-12','939872566','Romina','Borja','Hurtado','A','Especial 2');
insert into Estudiante values ('2018102981','73213567','M','Los Rosales 201','930573915','Diego','Pena','Zaira','D','Regular');
insert into Estudiante values ('2020001921','70288442','M','La Rinconada A-3','918048459','Ismael','Rodriguez','Lopez','E','Regular');
insert into Estudiante values ('2009202121','79274396','M','Piedra santa 33','995434425','Juan','Cervera','Salas','F','Especial 1');
insert into Estudiante values ('2017623321','70283126','M','Tonchadero E-12','901023348','Pepe','Delgado','Ruiz','F','Especial 1');
insert into Estudiante values ('2010231232','71234733','F','Los Incas 303','951013018','Valeria','Coll','Romana','C','Regular');
insert into Estudiante values ('2020288122','79398422','F','Av ejercito 202','979432807','Maria','Fraile','Bautista','E','Especial 2');
insert into Estudiante values ('2019209981','73099453','M','Av.Porongoche 702','943084504','Gonzalo','Urrutia','Quequezana','A','Regular');
insert into Estudiante values ('2018225761','19928374','M','Av. Lambramani 505','987454321','Bruno','Lopez','Vela','A','Regular');
insert into Estudiante values ('2018081242','87788751','F','Urb. Aurora F-5','984323217','Christian','Juarez','Aguilar','B','Regular');
insert into Estudiante values ('2019945432','23433213','F','Urb. Piedra Santa 502','908767891','Rocio','Perez','Martinez','A','Regular');
insert into Estudiante values ('2017873521','67711827','M','Urb. Los Angeles de Cayma B1','987093212','Camila','Sanchez','Ramos','C','Especial 2');
insert into Estudiante values ('2016228812','60199283','F','Calle Puno 202','908212341','Rosa','Gomez','Malaga','A','Regular');
insert into Estudiante values ('2019628111','65788901','M','Av Los Incas 505','907667661','Maria','Pacheco','Suarez','B','Regular');
insert into Estudiante values ('2016229182','76555673','F','Los Arces K1','959971023','Aitana','Huerta','Quiroz','A','Regular');
insert into Estudiante values ('2019525891','78999832','M','Los Alamos 25','981223123','Julia','Perea','Polanco','A','Regular');
insert into Estudiante values ('2019243212','75444832','F','Adepa G-4','980788192','Abril','Muñoz','Vera','A','Especial 1');
insert into Estudiante values ('2019220201','76934280','M','Purus 100','923656789','Sebastian','Alca','Sanchez','B','Regular');
insert into Estudiante values ('2018565621','77988798','M','Miraflores 200','951243266','Adolfo','Huanca','Puig','C','Especial 1');
insert into Estudiante values ('2017568922','71235674','F','Cercado 205','912357899','Marcelo','Saldivar','Mendoza','A','Regular');
insert into Estudiante values ('2020234571','74558963','M','Av Ejercito 100','987845120','Pedro','Benito','Perez','A','Especial 2');
insert into Estudiante values ('2019124581','72451236','M','Yanahuara 210','915863247','Ronald','Koeman','Medina','B','Especial 1');
insert into Estudiante values ('2018568921','75214896','M','Santa Fe 100','978451223','Luis','Suarez','Peña','B','Regular');
insert into Estudiante values ('2018235682','74236587','F','Piedra Santa 200','999454789','Harry','Kane','Supo','A','Especial 1');
insert into Estudiante values ('2017568942','69854123','F','Av Ejercito 100','936521486','Hugo','Lloris','Ruco','C','Regular');
insert into Estudiante values ('2018235691','72564132','F','Calle Peral 100','978456123','Emerson','Royal','Soteldo','A','Especial 1');
insert into Estudiante values ('2017562311','70562314','M','Piedra Santa 500','902365452','Sergio','Regilon','Guerreiro','C','Especial 2');
insert into Estudiante values ('2019205351','76034593','M','Arrayanes 100','947806451','Joshua','Rosas','Mendizabal','A','Regular');
insert into Estudiante values ('2018453622','79948625','F','Jorge Chavez 616','959707077','Sandra','Ramirez','Vega','A','Especial 2');
insert into Estudiante values ('2019782151','65047912','M','Av. Los Incas 200','890456792','Arturo','Ordoñez','Campos','A','Regular');
insert into Estudiante values ('2019485661','76504891','M','C. Zamacola 311','925486790','Manuel','Peralta','Pinto','A','Regular');
insert into Estudiante values ('2020478942','85024896','F','Chullo 5A','95148672','Maria','Gonzalez','Salas','A','Especial 2');
insert into Estudiante values ('2020635491','42367821','M','Leon XIII E-7','976902051','Ricardo','Salas','Levano','A','Regular');
insert into Estudiante values ('2019458992','36954786','F','Urb. Piedra Santa F-7','923678459','Rubi','Calderon','Begazo','A','Especial 1');
insert into Estudiante values ('2018487161','35684269','M','Urb. Tahuaycani C-10','987456892','Juan','Vargas','Diaz','A','Regular');
insert into Estudiante values ('2018789452','75948624','F','Las Graditas F-12','978945691','Diana','Rosales','Carrazco','A','Especial 1');
insert into Estudiante values ('2019236951','79145682','M','Las Orquideas 105','963574862','Valeria','Sandoval','Valdivia','A','Regular');
insert into Estudiante values ('2007123321','60398236','M','El huerto Huerta R-10','924565001','Narciso','Villar','Tuco','B','Especial 1');
insert into Estudiante values ('2017626532','40282311','F','Av. Dolores 302','945546121','Felisa','Chancon','Diaz','C','Regular');
insert into Estudiante values ('2017923532','75433112','F','Urb. La quinta E-12','959230201','Josefa','Berenguer','Perez','A','Especial 2');
insert into Estudiante values ('2018123981','64354566','M','Los Rosales 201','937482029','Gregorio','Puertas','Gomez','D','Regular');
insert into Estudiante values ('2020011921','46783433','M','La Rinconada A-3','959230491','Sebastian','Alvarez','Jaimez','E','Regular');
insert into Estudiante values ('2009676121','72345675','M','Piedra santa 33','960392425','Carlos','Romera','Salinas','F','Especial 1');
insert into Estudiante values ('2017456321','70256433','M','Tonchadero E-12','987234023','Pedro','Bosch','Benitez','F','Especial 1');
insert into Estudiante values ('2010287232','71765433','F','Los Incas 303','952195437','Rodolfa','Quispe','Romana','C','Regular');
insert into Estudiante values ('2009872122','79325545','F','Av ejercito 202','998273848','Paola','Reig','Sosa','E','Especial 2');
insert into Estudiante values ('2019485651','06489257','M','Ballon Farfan 503','951478258','Diego','Sarmineto','Salinas','B','Regular');
insert into Estudiante values ('2019785962','73145287','F','Ramon Castilla 202','976258469','Ivana','Ortega','Sanchez','A','Especial 1');
insert into Estudiante values ('2019785491','78159426','M','Av. Emmel 225','904752960','Rodrigo','Rivera','Revilla','C','Regular');
insert into Estudiante values ('2019148571','69348721','M','Arica 800','946369123','Mike','Romero','Quiroz','B','Especial 1');
insert into Estudiante values ('2019257841','70504866','M','Urubamba 100','912492713','Carlo','Montoya','Torres','A','Regular');
insert into Estudiante values ('2019126952','78421069','F','Los Angeles 66','900478954','Daniela','Medina','Valencia','B','Especial 2');
insert into Estudiante values ('2019149041','78869345','M','Los Diamantes 302','977745120','Leonardo','Montes','Vidal','B','Especial 1');
insert into Estudiante values ('2019479622','77048629','F','Av. Obrera 317','9','Fernanda','Tejada','Barreda','A','Regular');
insert into Estudiante values ('2019238901','70890247','M','Av. Brasil 104','997555896','Renato','Vildoso','Salas','B','Especial 2');
insert into Estudiante values ('2019882341','79436851','M','Salazar Bondy J-12','936990420','Sergio','Villanueva','Romero','C','Especial 1');
insert into Estudiante values ('2019766591','77812545','M','Av. Cayma 617','94899412','Joaquin','Montesinos','Riquelme','B','Regular');
insert into Estudiante values ('2018885591','69695841','M','Cercado 502','92568111','Eric','Garcia','Martret','A','Regular');
insert into Estudiante values ('2018888971','76857410','M','Av. Ejercito 100','999874566','Oscar','Minguenza','Rios','B','Especial 1');
insert into Estudiante values ('2017322201','68745219','M','Av. Cayma 303','987456233','Ansu','Fati','Vieira','A','Regular');
insert into Estudiante values ('2019221221','78451248','M','Piedra Santa 407','935689211','Pedro','Gonzales','Lopez','B','Especial 2');
insert into Estudiante values ('2018225581','74774486','M','Av. Ejercito 200','986532569','Gerard','Pique','Bernabeu','A','Regular');
insert into Estudiante values ('2017659801','76321111','M','Av. Girasol 500','914511122','Jordi','Alba','Ramos','B','Especial 1');
insert into Estudiante values ('2018989881','73101010','M','Av. Angel 400','915213200','Joaquin','Fenix','Yoru','A','Regular');
insert into Estudiante values ('2018326501','63000012','M','Cercado 206','956232320','Karim','Benzema','Riquelme','B','Regular');
insert into Estudiante values ('2019760591','77812545','M','Av. Cayma 617','948994129','Harry','Maguire','Joao','A','Especial 2');


insert into Docente values('1878','29295474','958270944', 'Rodriguez','Ismael','Hanco','M','Av Obrera 321 ASA','Contratado')
insert into Docente values('1899','70766879','957999480', 'Martinez','Sofia','Ramos','F','Urb El Rosario E-9','Contratado')
insert into Docente values('1865','45624892','985874263', 'Trevitazo','Elver','Rodriguez','M','Urb Killari C-14','Principal')
insert into Docente values('1835','87963215','935897525', 'Alvarez','Adolfo','Baldera','M','Pampa de Camarones 245','Invitado')
insert into Docente values('1856','78525864','976348258', 'Benavides','Jose','Laporta','M','Av Aviacion 678','Invitado')
insert into Docente values('1831','70865894','968559793', 'Medina','Christian','Salinas','M','Urb San Jose B-12','Contratado')
insert into Docente values('1812','56897852','934694759', 'Torres','Alejandra','Torres','F','Urb Monte Bello A-3','Auxiliar')
insert into Docente values('1800','29268753','946650390', 'Perochena','Andrea','Salas','F','Av Tarapaca 206','Contratado')
insert into Docente values('1843','29296578','956435326', 'Vigil','Bruno','Alvarez','M','Calle universidad 302','Auxiliar')
insert into Docente values('1862','70894562','961223073', 'Fuentes','Camila','Terrones','F','Parque Condes 187','Contratado')
insert into Docente values('1811','74766653','999972581', 'Perez','Carolina','Zegarra','F','El Lago B-16','Asociado')
insert into Docente values('1815','28297552','958333564', 'Venero','Flavia','Corrales','F','Calle Cajamarca 108','Asociado')

INSERT INTO Escuela_Profesional values('71','INGENIERIA DE SISTEMAS');

INSERT INTO Asignatura values('7106344','Arequipa','DESARROLLO DE APLICACIONES',1,'A','Teorico-Practico',2,3,'71');
INSERT INTO Asignatura values('7106379','Arequipa','COMPUTACION EN RED III',1,'A','Teorico-Practico',1,3,'71');
INSERT INTO Asignatura values('7106380','Arequipa','GESTION DE DATOS E INFORMACION',2,'A','Teorico-Practico',1,3,'71');
INSERT INTO Asignatura values('7106381','Arequipa','COMPUTACION EN RED II',2,'A','Teorico-Practico',1,3,'71');
INSERT INTO Asignatura values('7106382','Arequipa','ALGORITMOS Y ESTRUCTURAS DE DATOS',1,'A','Teorico-Practico',2,3,'71');
INSERT INTO Asignatura values('7106383','Arequipa','TECNOLOGIAS MOVILES',1,'A','Teorico-Practico',1,3,'71');
INSERT INTO Asignatura values('7106122','Arequipa','SEGURIDAD INFORMATICA',1,'A','Teorico-Practico',2,3,'71');
INSERT INTO Asignatura values('7106001','Arequipa','COMPUTACION EN RED I',1,'A','Teorico-Practico',1,3,'71');
INSERT INTO Asignatura values('7106898','Arequipa','GESTION DE PROYECTOS',2,'A','Teorico-Practico',1,3,'71');

insert into Inscribe values ('7106344','2019205181',2); 
insert into Inscribe values ('7106379','2019205181',1); 
insert into Inscribe values ('7106380','2019205181',1); 
insert into Inscribe values ('7106381','2019205181',1); 
insert into Inscribe values ('7106382','2019205181',2);
insert into Inscribe values ('7106344','2019223212',1); 
insert into Inscribe values ('7106379','2019223212',1); 
insert into Inscribe values ('7106380','2019223212',1); 
insert into Inscribe values ('7106381','2019223212',1); 
insert into Inscribe values ('7106382','2019223212',1);
insert into Inscribe values ('7106383','2019223212',3);
insert into Inscribe values ('7106344','2017928532',2); 
insert into Inscribe values ('7106379','2017928532',1); 
insert into Inscribe values ('7106380','2017928532',1); 
insert into Inscribe values ('7106381','2017928532',1);
insert into Inscribe values ('7106344','2018102981',1); 
insert into Inscribe values ('7106379','2018102981',1); 
insert into Inscribe values ('7106380','2018102981',1); 
insert into Inscribe values ('7106381','2018102981',2);
insert into Inscribe values ('7106344','2020001921',1); 
insert into Inscribe values ('7106379','2020001921',1); 
insert into Inscribe values ('7106381','2020001921',1); 
insert into Inscribe values ('7106382','2020001921',1);
insert into Inscribe values ('7106383','2020001921',1);
insert into Inscribe values ('7106379','2009202121',1); 
insert into Inscribe values ('7106380','2009202121',1); 
insert into Inscribe values ('7106381','2009202121',1); 
insert into Inscribe values ('7106382','2009202121',3);
insert into Inscribe values ('7106344','2017623321',2); 
insert into Inscribe values ('7106379','2017623321',1); 
insert into Inscribe values ('7106381','2017623321',1); 
insert into Inscribe values ('7106382','2017623321',1);
insert into Inscribe values ('7106383','2017623321',1);
insert into Inscribe values ('7106344','2010231232',1); 
insert into Inscribe values ('7106381','2010231232',1); 
insert into Inscribe values ('7106382','2010231232',2);
insert into Inscribe values ('7106383','2010231232',1);
insert into Inscribe values ('7106344','2020288122',1); 
insert into Inscribe values ('7106380','2020288122',2); 
insert into Inscribe values ('7106381','2020288122',1); 
insert into Inscribe values ('7106382','2020288122',3);
insert into Inscribe values ('7106344','2019209981',1); 
insert into Inscribe values ('7106379','2019209981',1); 
insert into Inscribe values ('7106380','2019209981',2); 
insert into Inscribe values ('7106381','2019209981',2); 
insert into Inscribe values ('7106382','2019209981',1);
insert into Inscribe values ('7106383','2019209981',3);
insert into Inscribe values ('7106344','2018565621',1); 
insert into Inscribe values ('7106383','2018565621',2); 
insert into Inscribe values ('7106382','2018565621',1); 
insert into Inscribe values ('7106380','2018565621',3); 
insert into Inscribe values ('7106379','2018565621',2); 
insert into Inscribe values ('7106380','2017568922',1); 
insert into Inscribe values ('7106383','2017568922',1); 
insert into Inscribe values ('7106382','2017568922',2); 
insert into Inscribe values ('7106344','2017568922',3); 
insert into Inscribe values ('7106381','2017568922',2); 
insert into Inscribe values ('7106344','2020234571',1); 
insert into Inscribe values ('7106383','2020234571',2); 
insert into Inscribe values ('7106382','2020234571',1); 
insert into Inscribe values ('7106380','2020234571',1); 
insert into Inscribe values ('7106379','2020234571',1); 
insert into Inscribe values ('7106344','2019124581',1); 
insert into Inscribe values ('7106381','2019124581',1); 
insert into Inscribe values ('7106382','2019124581',2); 
insert into Inscribe values ('7106380','2019124581',3); 
insert into Inscribe values ('7106379','2019124581',1); 
insert into Inscribe values ('7106344','2018568921',1); 
insert into Inscribe values ('7106379','2018568921',1); 
insert into Inscribe values ('7106382','2018568921',1); 
insert into Inscribe values ('7106381','2018568921',3); 
insert into Inscribe values ('7106380','2018235682',1); 
insert into Inscribe values ('7106383','2018235682',2); 
insert into Inscribe values ('7106382','2018235682',1); 
insert into Inscribe values ('7106381','2018235682',3); 
insert into Inscribe values ('7106379','2018235682',1);
insert into Inscribe values ('7106344','2017568942',1); 
insert into Inscribe values ('7106383','2017568942',1); 
insert into Inscribe values ('7106380','2017568942',1); 
insert into Inscribe values ('7106381','2017568942',1); 
insert into Inscribe values ('7106382','2017568942',1);
insert into Inscribe values ('7106379','2018235691',1); 
insert into Inscribe values ('7106383','2018235691',1); 
insert into Inscribe values ('7106380','2018235691',2); 
insert into Inscribe values ('7106381','2018235691',1); 
insert into Inscribe values ('7106382','2018235691',2);
insert into Inscribe values ('7106379','2017562311',2); 
insert into Inscribe values ('7106383','2017562311',1); 
insert into Inscribe values ('7106344','2017562311',1); 
insert into Inscribe values ('7106381','2017562311',1); 
insert into Inscribe values ('7106382','2017562311',2);
insert into Inscribe values ('7106344','2018225761',1); 
insert into Inscribe values ('7106379','2018225761',2); 
insert into Inscribe values ('7106380','2018225761',1); 
insert into Inscribe values ('7106381','2018225761',1); 
insert into Inscribe values ('7106382','2018225761',2); 
insert into Inscribe values ('7106383','2018225761',1);
insert into Inscribe values ('7106344','2018081242',3); 
insert into Inscribe values ('7106379','2018081242',2); 
insert into Inscribe values ('7106380','2018081242',3); 
insert into Inscribe values ('7106381','2018081242',1); 
insert into Inscribe values ('7106379','2019945432',3); 
insert into Inscribe values ('7106380','2019945432',1); 
insert into Inscribe values ('7106381','2019945432',1); 
insert into Inscribe values ('7106382','2019945432',1); 
insert into Inscribe values ('7106383','2019945432',1);
insert into Inscribe values ('7106379','2017873521',3); 
insert into Inscribe values ('7106380','2017873521',1); 
insert into Inscribe values ('7106381','2017873521',1); 
insert into Inscribe values ('7106382','2017873521',1); 
insert into Inscribe values ('7106379','2016228812',2); 
insert into Inscribe values ('7106380','2016228812',1); 
insert into Inscribe values ('7106382','2016228812',2); 
insert into Inscribe values ('7106383','2016228812',1);
insert into Inscribe values ('7106379','2019525891',1); 
insert into Inscribe values ('7106380','2019525891',1); 
insert into Inscribe values ('7106381','2019525891',3); 
insert into Inscribe values ('7106382','2019525891',2); 
insert into Inscribe values ('7106383','2019525891',2);
insert into Inscribe values ('7106344','2019243212',1); 
insert into Inscribe values ('7106379','2019243212',1); 
insert into Inscribe values ('7106380','2019243212',3); 
insert into Inscribe values ('7106381','2019243212',3); 
insert into Inscribe values ('7106382','2019243212',1); 
insert into Inscribe values ('7106381','2019220201',1); 
insert into Inscribe values ('7106382','2019220201',2); 
insert into Inscribe values ('7106383','2019220201',1);
insert into Inscribe values ('7106379','2019220201',2); 
insert into Inscribe values ('7106344','2016229182',1); 
insert into Inscribe values ('7106379','2016229182',3); 
insert into Inscribe values ('7106380','2016229182',1); 
insert into Inscribe values ('7106381','2016229182',1); 
insert into Inscribe values ('7106382','2016229182',2); 
insert into Inscribe values ('7106383','2016229182',1);
INSERT INTO INSCRIBE VALUES ('7106344','2019205351',1);
INSERT INTO INSCRIBE VALUES ('7106379','2019205351',1);
INSERT INTO INSCRIBE VALUES ('7106380','2019205351',1);
INSERT INTO INSCRIBE VALUES ('7106381','2019205351',1);
INSERT INTO INSCRIBE VALUES ('7106383','2019205351',1);
INSERT INTO INSCRIBE VALUES ('7106344','2018453622',1);
INSERT INTO INSCRIBE VALUES ('7106379','2018453622',1);
INSERT INTO INSCRIBE VALUES ('7106380','2018453622',2);
INSERT INTO INSCRIBE VALUES ('7106381','2018453622',1);
INSERT INTO INSCRIBE VALUES ('7106383','2018453622',1);
INSERT INTO INSCRIBE VALUES ('7106344','2019782151',1);
INSERT INTO INSCRIBE VALUES ('7106379','2019782151',1);
INSERT INTO INSCRIBE VALUES ('7106380','2019782151',1);
INSERT INTO INSCRIBE VALUES ('7106383','2019782151',1);
INSERT INTO INSCRIBE VALUES ('7106344','2019485661',1);
INSERT INTO INSCRIBE VALUES ('7106379','2019485661',1);
INSERT INTO INSCRIBE VALUES ('7106380','2019485661',1);
INSERT INTO INSCRIBE VALUES ('7106383','2019485661',1);
INSERT INTO INSCRIBE VALUES ('7106344','2020478942',1);
INSERT INTO INSCRIBE VALUES ('7106379','2020478942',1);
INSERT INTO INSCRIBE VALUES ('7106380','2020478942',1);
INSERT INTO INSCRIBE VALUES ('7106383','2020478942',1);
INSERT INTO INSCRIBE VALUES ('7106344','2020635491',2);
INSERT INTO INSCRIBE VALUES ('7106379','2020635491',1);
INSERT INTO INSCRIBE VALUES ('7106380','2020635491',1);
INSERT INTO INSCRIBE VALUES ('7106383','2020635491',1);
INSERT INTO INSCRIBE VALUES ('7106344','2019458992',1);
INSERT INTO INSCRIBE VALUES ('7106379','2019458992',1);
INSERT INTO INSCRIBE VALUES ('7106380','2019458992',1);
INSERT INTO INSCRIBE VALUES ('7106383','2019458992',1);
INSERT INTO INSCRIBE VALUES ('7106344','2018487161',1);
INSERT INTO INSCRIBE VALUES ('7106379','2018487161',1);
INSERT INTO INSCRIBE VALUES ('7106380','2018487161',2);
INSERT INTO INSCRIBE VALUES ('7106383','2018487161',2);
INSERT INTO INSCRIBE VALUES ('7106344','2018789452',1);
INSERT INTO INSCRIBE VALUES ('7106379','2018789452',2);
INSERT INTO INSCRIBE VALUES ('7106380','2018789452',2);
INSERT INTO INSCRIBE VALUES ('7106383','2018789452',1);
INSERT INTO INSCRIBE VALUES ('7106344','2019766591',1);
INSERT INTO INSCRIBE VALUES ('7106379','2019766591',1);
INSERT INTO INSCRIBE VALUES ('7106380','2019766591',1);
INSERT INTO INSCRIBE VALUES ('7106383','2019766591',1);
insert into Inscribe values ('7106383','2019236951',1);
insert into Inscribe values ('7106380','2019236951',1);
insert into Inscribe values ('7106382','2019236951',1);
insert into Inscribe values ('7106381','2019236951',1);
insert into Inscribe values ('7106344','2007123321',2);
insert into Inscribe values ('7106379','2007123321',1);
insert into Inscribe values ('7106380','2007123321',1);
insert into Inscribe values ('7106381','2007123321',2);
insert into Inscribe values ('7106383','2007123321',1);
insert into Inscribe values ('7106380','2017626532',1);
insert into Inscribe values ('7106344','2017626532',1);
insert into Inscribe values ('7106379','2017626532',1);
insert into Inscribe values ('7106381','2017626532',1);
insert into Inscribe values ('7106382','2017626532',3);
insert into Inscribe values ('7106383','2017626532',2);
insert into Inscribe values ('7106380','2017923532',1);
insert into Inscribe values ('7106344','2017923532',2);
insert into Inscribe values ('7106379','2017923532',1);
insert into Inscribe values ('7106381','2017923532',1);
insert into Inscribe values ('7106382','2017923532',1);
insert into Inscribe values ('7106383','2017923532',1);
insert into Inscribe values('7106380','2018123981',1);
insert into Inscribe values('7106344','2018123981',1);
insert into Inscribe values('7106381','2018123981',1);
insert into Inscribe values('7106382','2018123981',1);
insert into Inscribe values('7106383','2018123981',1);
insert into Inscribe values('7106344','2020011921',2);
insert into Inscribe values('7106379','2020011921',1);
insert into Inscribe values('7106381','2020011921',1);
insert into Inscribe values('7106382','2020011921',2);
insert into Inscribe values('7106383','2020011921',3);
insert into Inscribe values('7106380','2009676121',2);
insert into Inscribe values('7106344','2009676121',2);
insert into Inscribe values('7106379','2009676121',3);
insert into Inscribe values('7106381','2009676121',2);
insert into Inscribe values('7106382','2009676121',3);
insert into Inscribe values('7106383','2009676121',2);
insert into Inscribe values('7106380','2017456321',1);
insert into Inscribe values('7106344','2017456321',1);
insert into Inscribe values('7106379','2017456321',2);
insert into Inscribe values('7106381','2017456321',2);
insert into Inscribe values('7106382','2017456321',1);
insert into Inscribe values('7106383','2017456321',2);
insert into Inscribe values('7106379','2010287232',3);
insert into Inscribe values('7106381','2010287232',3);
insert into Inscribe values('7106382','2010287232',3);
insert into Inscribe values('7106383','2010287232',2);
insert into Inscribe values('7106380','2019882341',1);
insert into Inscribe values('7106344','2019882341',1);
insert into Inscribe values('7106381','2019882341',1);
insert into Inscribe values('7106382','2019882341',1);
insert into Inscribe values('7106383','2019882341',1);
insert into Inscribe values('7106381','2009872122',1);
insert into Inscribe values('7106344','2009872122',1);
insert into Inscribe values('7106380','2009872122',2);
insert into Inscribe values('7106383','2009872122',1);
insert into Inscribe values('7106382','2009872122',1);
insert into Inscribe values('7106379','2009872122',2);
insert into Inscribe values('7106379','2019485651',1);
insert into Inscribe values('7106383','2019485651',2);
insert into Inscribe values('7106380','2019485651',2);
insert into Inscribe values('7106344','2019485651',1);
insert into Inscribe values('7106381','2019485651',2);
insert into Inscribe values('7106381','2019785962',2);
insert into Inscribe values('7106344','2019785962',1);
insert into Inscribe values('7106383','2019785962',1);
insert into Inscribe values('7106379','2019785962',2);
insert into Inscribe values('7106380','2019785962',1);
insert into Inscribe values('7106344','2019785491',1);
insert into Inscribe values('7106380','2019785491',2);
insert into Inscribe values('7106379','2019785491',1);
insert into Inscribe values('7106381','2019785491',1);
insert into Inscribe values ('7106379','2019148571',1);
insert into Inscribe values ('7106381','2019148571',2);
insert into Inscribe values ('7106344','2019148571',1);
insert into Inscribe values ('7106383','2019148571',1);
insert into Inscribe values ('7106380','2019148571',2);
insert into Inscribe values ('7106379','2019257841',1);
insert into Inscribe values ('7106380','2019257841',1);
insert into Inscribe values ('7106344','2019257841',1);
insert into Inscribe values ('7106383','2019257841',2);
insert into Inscribe values ('7106344','2019126952',1);
insert into Inscribe values ('7106381','2019126952',2);
insert into Inscribe values ('7106380','2019126952',1);
insert into Inscribe values ('7106379','2019126952',1);
insert into Inscribe values ('7106383','2019126952',2);
insert into Inscribe values ('7106379','2019149041',2);
insert into Inscribe values ('7106380','2019149041',1);
insert into Inscribe values ('7106344','2019149041',1);
insert into Inscribe values ('7106381','2019149041',1);
insert into Inscribe values ('7106381','2019479622',1);
insert into Inscribe values ('7106344','2019479622',1);
insert into Inscribe values ('7106380','2019479622',2);
insert into Inscribe values ('7106382','2019479622',1);
insert into Inscribe values ('7106379','2019479622',1);
insert into Inscribe values ('7106383','2019479622',1);
insert into Inscribe values ('7106383','2019238901',1);
insert into Inscribe values ('7106380','2019238901',1);
insert into Inscribe values ('7106344','2019238901',2);
insert into Inscribe values ('7106381','2019238901',1);
insert into Inscribe values ('7106379','2019238901',1);
insert into Inscribe values ('7106122','2018885591',1);
insert into Inscribe values ('7106001','2018885591',1);
insert into Inscribe values ('7106898','2018885591',1);
insert into Inscribe values ('7106122','2018888971',1);
insert into Inscribe values ('7106001','2018888971',1);
insert into Inscribe values ('7106898','2018888971',1);
insert into Inscribe values ('7106122','2017322201',1);
insert into Inscribe values ('7106001','2017322201',1);
insert into Inscribe values ('7106898','2017322201',1);
insert into Inscribe values ('7106122','2019221221',1);
insert into Inscribe values ('7106001','2019221221',1);
insert into Inscribe values ('7106898','2019221221',1);
insert into Inscribe values ('7106122','2018225581',1);
insert into Inscribe values ('7106001','2018225581',1);
insert into Inscribe values ('7106898','2018225581',1);
insert into Inscribe values ('7106122','2017659801',1);
insert into Inscribe values ('7106001','2017659801',1);
insert into Inscribe values ('7106898','2017659801',1);
insert into Inscribe values ('7106122','2018989881',1);
insert into Inscribe values ('7106001','2018989881',1);
insert into Inscribe values ('7106898','2018989881',1);
insert into Inscribe values ('7106122','2018326501',1);
insert into Inscribe values ('7106001','2018326501',1);
insert into Inscribe values ('7106898','2018326501',1);
insert into Inscribe values ('7106122','2019760591',1);
insert into Inscribe values ('7106001','2019760591',1);
insert into Inscribe values ('7106898','2019760591',1);
insert into Inscribe values ('7106122','2019126952',1);
insert into Inscribe values ('7106001','2019126952',1);
insert into Inscribe values ('7106898','2019126952',1);
insert into Inscribe values ('7106122','2019882341',1);
insert into Inscribe values ('7106001','2019882341',1);
insert into Inscribe values ('7106898','2019882341',1);
insert into Inscribe values ('7106122','2019485661',1);
insert into Inscribe values ('7106001','2019485661',1);
insert into Inscribe values ('7106898','2019485661',1);
insert into Inscribe values ('7106122','2017626532',1);
insert into Inscribe values ('7106001','2017626532',1);
insert into Inscribe values ('7106898','2017626532',1);
insert into Inscribe values ('7106122','2020288122',1);
insert into Inscribe values ('7106001','2020288122',1);
insert into Inscribe values ('7106898','2020288122',1);
insert into Inscribe values ('7106122','2019205181',1);
insert into Inscribe values ('7106001','2019205181',1);
insert into Inscribe values ('7106898','2019205181',1);

insert into IMPARTIDO_POR values ('7106344','1878');
insert into IMPARTIDO_POR values ('7106344','1899');
insert into IMPARTIDO_POR values ('7106379','1865');
insert into IMPARTIDO_POR values ('7106379','1835');
insert into IMPARTIDO_POR values ('7106380','1856');
insert into IMPARTIDO_POR values ('7106380','1831');
insert into IMPARTIDO_POR values ('7106381','1812');
insert into IMPARTIDO_POR values ('7106381','1800');
insert into IMPARTIDO_POR values ('7106382','1843');
insert into IMPARTIDO_POR values ('7106382','1862');
insert into IMPARTIDO_POR values ('7106383','1811');
insert into IMPARTIDO_POR values ('7106383','1815');
insert into IMPARTIDO_POR values ('7106122','1878');
insert into IMPARTIDO_POR values ('7106122','1899');
insert into IMPARTIDO_POR values ('7106001','1865');
insert into IMPARTIDO_POR values ('7106001','1835');
insert into IMPARTIDO_POR values ('7106898','1856');
insert into IMPARTIDO_POR values ('7106898','1831');

insert into Cabecera_Consolidado values ('2019205181','71','05','Par 2021',19,20.0000,19.80,'1 de 59');
insert into Cabecera_Consolidado values ('2019223212','71','05','Par 2021',17,19.7256,19.63,'2 de 59');
insert into Cabecera_Consolidado values ('2017928532','71','05','Par 2021',21,19.2743,19.03,'3 de 59');
insert into Cabecera_Consolidado values ('2018102981','71','05','Par 2021',19,19.1357,18.89,'4 de 59');
insert into Cabecera_Consolidado values ('2020001921','71','05','Par 2021',21,19.0435,18.83,'5 de 59');
insert into Cabecera_Consolidado values ('2009202121','71','05','Par 2021',19,18.8355,18.60,'6 de 59');
insert into Cabecera_Consolidado values ('2017623321','71','05','Par 2021',21,18.8346,18.53,'7 de 59');
insert into Cabecera_Consolidado values ('2010231232','71','05','Par 2021',21,18.6444,18.43,'8 de 59');
insert into Cabecera_Consolidado values ('2020288122','71','05','Par 2021',23,18.3333,18.33,'9 de 59');
insert into Cabecera_Consolidado values ('2019945432','71','05','Par 2021',21,17.8346,18.53,'10 de 59');
insert into Cabecera_Consolidado values ('2017873521','71','05','Par 2021',22,17.6444,18.43,'11 de 59');
insert into Cabecera_Consolidado values ('2016228812','71','05','Par 2021',21,17.3333,18.33,'12 de 59');

insert into Detalle_Consolidado values ( '7106344','2019205181',6,7,16,13,12,10,11,9,'NC',13);
insert into Detalle_Consolidado values ( '7106379','2019205181',16,16,15,13,12,12,12,15,'NC',15);
insert into Detalle_Consolidado values ( '7106380','2019205181',11,11,12,13,13,13,13,11,'NC',12);
insert into Detalle_Consolidado values ( '7106381','2019205181',16,17,16,13,12,13,13,16,'NC',15);
insert into Detalle_Consolidado values ( '7106382','2019205181',14,17,14,12,10,11,13,15,'NC',14);
insert into Detalle_Consolidado values ( '7106122','2019205181',16,17,16,13,12,13,13,16,'NC',15);
insert into Detalle_Consolidado values ( '7106001','2019205181',16,17,16,13,12,13,13,16,'NC',15);
insert into Detalle_Consolidado values ( '7106898','2019205181',16,17,16,13,12,13,13,16,'NC',15);
insert into Detalle_Consolidado values ( '7106344','2019223212',16,17,16,12,12,12,12,16,'NC',15);
insert into Detalle_Consolidado values ( '7106379','2019223212',14,17,16,13,12,10,12,15,'NC',14);
insert into Detalle_Consolidado values ( '7106380','2019223212',11,10,09,13,12,10,10,12,'NC',13);
insert into Detalle_Consolidado values ( '7106381','2019223212',06,07,06,09,09,10,09,07,'NC',13);
insert into Detalle_Consolidado values ( '7106382','2019223212',10,10,10,14,14,14,15,10,'NC',12);
insert into Detalle_Consolidado values ( '7106383','2019223212',13,13,14,14,14,14,15,13,'NC',13);
insert into Detalle_Consolidado values ( '7106344','2017928532',11,12,12,13,12,14,13,12,'NC',12);
insert into Detalle_Consolidado values ( '7106379','2017928532',18,17,16,19,19,20,19,17,'NC',17);
insert into Detalle_Consolidado values ( '7106380','2017928532',16,16,15,14,14,14,15,15,'NC',15);
insert into Detalle_Consolidado values ( '7106381','2017928532',12,11,12,14,14,14,15,12,'NC',12);
insert into Detalle_Consolidado values ( '7106344','2018102981',12,12,12,13,13,13,13,12,'NC',13);
insert into Detalle_Consolidado values ( '7106379','2018102981',15,14,15,12,12,12,12,15,'NC',14);
insert into Detalle_Consolidado values ( '7106380','2018102981',6,7,16,13,12,10,11,9,'NC',13);
insert into Detalle_Consolidado values ( '7106381','2018102981',6,7,16,13,12,10,11,9,'NC',13);
insert into Detalle_Consolidado values ( '7106344','2020001921',16,17,16,13,12,12,12,16,'NC',15);
insert into Detalle_Consolidado values ( '7106379','2020001921',15,14,15,12,12,12,12,15,'NC',14);
insert into Detalle_Consolidado values ( '7106381','2020001921',16,7,16,13,12,10,11,9,'NC',13);
insert into Detalle_Consolidado values ( '7106382','2020001921',12,12,12,14,14,14,15,12,'NC',12);
insert into Detalle_Consolidado values ( '7106383','2020001921',13,12,12,14,14,14,15,12,'NC',12);
insert into Detalle_Consolidado values ( '7106379','2009202121',16,17,16,13,12,12,12,16,'NC',15);
insert into Detalle_Consolidado values ( '7106380','2009202121',6,7,16,13,12,10,11,9,'NC',13);
insert into Detalle_Consolidado values ( '7106381','2009202121',16,17,16,13,12,12,12,16,'NC',15);
insert into Detalle_Consolidado values ( '7106382','2009202121',6,7,16,14,14,14,15,10,'NC',10);
insert into Detalle_Consolidado values ( '7106344','2017623321',12,10,17,16,15,16,15,10,'NC',13);
insert into Detalle_Consolidado values ( '7106379','2017623321',14,13,16,15,14,15,14,11,'NC',10);
insert into Detalle_Consolidado values ( '7106381','2017623321',16,14,16,17,15,16,16,12,'NC',11);
insert into Detalle_Consolidado values ( '7106382','2017623321',12,15,16,14,14,14,15,12,'NC',13);
insert into Detalle_Consolidado values ( '7106383','2017623321',16,15,16,14,14,14,15,13,'NC',13);
insert into Detalle_Consolidado values ( '7106344','2010231232',13,15,14, 17,15,16,16,13,'NC',15);
insert into Detalle_Consolidado values ( '7106381','2010231232',14,16,13, 16,17,16,16,14,'NC',15);
insert into Detalle_Consolidado values ( '7106382','2010231232',16,15,15,14,14,14,15,13,'NC',15);
insert into Detalle_Consolidado values ( '7106383','2010231232',13,17,16,14,14,14,15,15,'NC',14);
insert into Detalle_Consolidado values ( '7106344','2020288122',14,12,15,12,15,18,15,15,'NC',13);
insert into Detalle_Consolidado values ( '7106380','2020288122',12,17,14,16,17,15,16,15,'NC',15);
insert into Detalle_Consolidado values ( '7106381','2020288122',13,15,16,12,17,14,14,15,'NC',16);
insert into Detalle_Consolidado values ( '7106382','2020288122',15,12,14,14,14,14,15,15,'NC',14);
insert into Detalle_Consolidado values ( '7106122','2020288122',16,17,16,13,12,13,13,16,'NC',15);
insert into Detalle_Consolidado values ( '7106001','2020288122',16,17,16,13,12,13,13,16,'NC',15);
insert into Detalle_Consolidado values ( '7106898','2020288122',16,17,16,13,12,13,13,16,'NC',15);
insert into Detalle_Consolidado values ('7106379','2019945432',13,11,14,13,13,10,12,12,'NC',12);
insert into Detalle_Consolidado values ('7106380','2019945432',14,12,14,13,12,10,11,13,'NC',12);
insert into Detalle_Consolidado values ('7106381','2019945432',15,12,15,12,13,13,13,14,'NC',14);
insert into Detalle_Consolidado values ('7106382','2019945432',15,12,14,14,14,14,15,14,'NC',14);
insert into Detalle_Consolidado values ('7106383','2019945432',15,10,13,14,14,14,15,13,'NC',13);
insert into Detalle_Consolidado values ('7106379','2017873521',11,12,14,13,14,17,14,12,'NC',13);
insert into Detalle_Consolidado values ('7106380','2017873521',12,12,10,13,17,11,13,11,'NC',12);
insert into Detalle_Consolidado values ('7106381','2017873521',15,12,13,14,14,14,15,13,'NC',13);
insert into Detalle_Consolidado values ('7106382','2017873521',14,11,16,14,14,14,15,13,'NC',14);
insert into Detalle_Consolidado values ('7106379','2016228812',12,11,13,15,15,11,13,12,'NC',13);
insert into Detalle_Consolidado values ('7106380','2016228812',12,10,15,13,11,10,11,12,'NC',13);
insert into Detalle_Consolidado values ('7106382','2016228812',11,12,16,14,14,14,15,13,'NC',13);
insert into Detalle_Consolidado values ('7106383','2016228812',15,9,16,14,14,14,15,13,'NC',13);

insert into Cabecera_Listado values ('1878','7106344','Par 2021');
insert into Cabecera_Listado values ('1899','7106344','Par 2021');
insert into Cabecera_Listado values ('1865','7106379','Par 2021');
insert into Cabecera_Listado values ('1835','7106379','Par 2021');
insert into Cabecera_Listado values ('1856','7106380','Par 2021');
insert into Cabecera_Listado values ('1831','7106380','Par 2021');
insert into Cabecera_Listado values ('1812','7106381','Par 2021');
insert into Cabecera_Listado values ('1800','7106381','Par 2021');
insert into Cabecera_Listado values ('1843','7106382','Par 2021');
insert into Cabecera_Listado values ('1862','7106382','Par 2021');
insert into Cabecera_Listado values ('1811','7106383','Par 2021');
insert into Cabecera_Listado values ('1815','7106383','Par 2021');
insert into Cabecera_Listado values ('1878','7106122','Par 2021');
insert into Cabecera_Listado values ('1899','7106122','Par 2021');
insert into Cabecera_Listado values ('1865','7106001','Par 2021');
insert into Cabecera_Listado values ('1835','7106001','Par 2021');
insert into Cabecera_Listado values ('1856','7106898','Par 2021');
insert into Cabecera_Listado values ('1831','7106898','Par 2021');


insert into Detalle_Listado values ('2019205181','7106379', '1835', 'NSP',15,14,14,1,14)
insert into Detalle_Listado values ('2019205181','7106380', '1831', 'NSP',12,12,13,1,12)
insert into Detalle_Listado values ('2019205181','7106381', '1800', 'NSP',15,15,15,1,15)
insert into Detalle_Listado values ('2019205181','7106382', '1843', 'NSP',13,14,13,1,13)
insert into Detalle_Listado values ('2019205181','7106122', '1878', 'NSP',15,15,15,1,15)
insert into Detalle_Listado values ('2019205181','7106001', '1835', 'NSP',15,15,15,1,15)
insert into Detalle_Listado values ('2019205181','7106898', '1831', 'NSP',15,15,15,1,15)
insert into Detalle_Listado values ('2019223212','7106344', '1899', 'NSP',14,15,14,1,14)
insert into Detalle_Listado values ('2019223212','7106379', '1835', 'NSP',14,15,13,1,14)
insert into Detalle_Listado values ('2019223212','7106380', '1831', 'NSP',12,11,10,1,11)
insert into Detalle_Listado values ('2019223212','7106381', '1800', 'NSP',8,8,8,2,8)
insert into Detalle_Listado values ('2019223212','7106382', '1843', 'NSP',12,12,12,1,12)
insert into Detalle_Listado values ('2019223212','7106383', '1811', 'NSP',14,14,14,1,14)
insert into Detalle_Listado values ('2017928532','7106344', '1899', 'NSP',12,12,13,1,12)
insert into Detalle_Listado values ('2017928532','7106379', '1835', 'NSP',19,18,18,1,18)
insert into Detalle_Listado values ('2017928532','7106380', '1831', 'NSP',15,15,15,2,15)
insert into Detalle_Listado values ('2017928532','7106381', '1800', 'NSP',13,13,13,1,13)
insert into Detalle_Listado values ('2018102981','7106344', '1878', 'NSP',13,13,13,1,13)
insert into Detalle_Listado values ('2018102981','7106379', '1865', 'NSP',14,13,14,1,14)
insert into Detalle_Listado values ('2018102981','7106380', '1831', 'NSP',10,10,12,2,10)
insert into Detalle_Listado values ('2018102981','7106381', '1800', 'NSP',10,10,12,1,10)
insert into Detalle_Listado values ('2020001921','7106344', '1878', 'NSP',15,15,14,1,15)
insert into Detalle_Listado values ('2020001921','7106379', '1835', 'NSP',14,13,14,1,14)
insert into Detalle_Listado values ('2020001921','7106381', '1800', 'NSP',15,10,13,2,13)
insert into Detalle_Listado values ('2020001921','7106382', '1843', 'NSP',13,13,13,1,13)
insert into Detalle_Listado values ('2020001921','7106383', '1811', 'NSP',14,13,13,1,13)
insert into Detalle_Listado values ('2009202121','7106379', '1835', 'NSP',15,15,14,1,15)
insert into Detalle_Listado values ('2009202121','7106380', '1831', 'NSP',10,10,13,1,11)
insert into Detalle_Listado values ('2009202121','7106381','1812','NSP',14,16,15,1,14)
insert into Detalle_Listado values ('2009202121','7106382','1843','NSP',15,14,13,1,15)
insert into Detalle_Listado values ('2017623321','7106344','1878','NSP',16,13,15,2,15)
insert into Detalle_Listado values ('2017623321','7106379','1865','NSP',16,14,14,1,15)
insert into Detalle_Listado values ('2017623321','7106381','1812','NSP',15,12,15,2,15)
insert into Detalle_Listado values ('2017623321','7106382','1843','NSP',14,14,14,1,14)
insert into Detalle_Listado values ('2017623321','7106383','1811','NSP',12,13,15,1,13)
insert into Detalle_Listado values ('2010231232','7106344','1878','NSP',14,12,13,1,14)
insert into Detalle_Listado values ('2010231232','7106381','1812','NSP',14,14,15,1,14)
insert into Detalle_Listado values ('2010231232','7106382','1843','NSP',15,12,15,2,15)
insert into Detalle_Listado values ('2010231232','7106383','1811','NSP',12,13,13,2,13)
insert into Detalle_Listado values ('2020288122','7106344','1878','NSP',15,14,15,2,14)
insert into Detalle_Listado values ('2020288122','7106380','1831','NSP',14,14,15,1,14)
insert into Detalle_Listado values ('2020288122','7106381','1812','NSP',13,16,12,1,14)
insert into Detalle_Listado values ('2020288122','7106382','1843','NSP',14,12,12,1,15)
insert into Detalle_Listado values ('2020288122','7106122','1878','NSP',15,13,13,1,14)
insert into Detalle_Listado values ('2020288122','7106001','1865','NSP',14,14,15,2,14)
insert into Detalle_Listado values ('2020288122','7106898','1856','NSP',11,12,15,1,13)
insert into Detalle_Listado values ('2019945432','7106379','1865','NSP',12,13,15,1,13)
insert into Detalle_Listado values ('2019945432','7106380','1831','NSP',13,14,12,1,14)
insert into Detalle_Listado values ('2019945432','7106381','1812','NSP',13,16,15,1,15)
insert into Detalle_Listado values ('2019945432','7106382','1843','NSP',14,14,12,2,14)
insert into Detalle_Listado values ('2019945432','7106383','1811','NSP',15,13,13,1,14)
insert into Detalle_Listado values ('2017873521','7106379','1865','NSP',12,14,15,1,13)
insert into Detalle_Listado values ('2017873521','7106380','1831','NSP',13,12,15,1,14)
insert into Detalle_Listado values ('2017873521','7106381','1812','NSP',15,13,12,1,13)
insert into Detalle_Listado values ('2017873521','7106382','1843','NSP',14,14,15,1,15)
insert into Detalle_Listado values ('2016228812','7106379','1865','NSP',16,12,13,1,15)
insert into Detalle_Listado values ('2016228812','7106380','1831','NSP',14,14,13,1,14)
insert into Detalle_Listado values ('2016228812','7106382','1843','NSP',13,13,15,1,14)
insert into Detalle_Listado values ('2016228812','7106383','1811','NSP',15,14,12,1,13)

insert into Alimentado_Por values ('2019205181','7106344','1878')
insert into Alimentado_Por values ('2019205181','7106379','1835')
insert into Alimentado_Por values ('2019205181','7106380','1831')
insert into Alimentado_Por values ('2019205181','7106381','1800')
insert into Alimentado_Por values ('2019205181','7106382','1843')
insert into Alimentado_Por values ('2019205181','7106122','1878')
insert into Alimentado_Por values ('2019205181','7106001','1835')
insert into Alimentado_Por values ('2019205181','7106898','1831')
insert into Alimentado_Por values ('2019223212','7106344','1899')
insert into Alimentado_Por values ('2019223212','7106379','1835')
insert into Alimentado_Por values ('2019223212','7106380','1831')
insert into Alimentado_Por values ('2019223212','7106381','1800')
insert into Alimentado_Por values ('2019223212','7106382','1843')
insert into Alimentado_Por values ('2019223212','7106383','1811')
insert into Alimentado_Por values ('2017928532','7106344','1899')
insert into Alimentado_Por values ('2017928532','7106379','1835')
insert into Alimentado_Por values ('2017928532','7106380','1831')
insert into Alimentado_Por values ('2017928532','7106381','1800')
insert into Alimentado_Por values ('2018102981','7106344','1878')
insert into Alimentado_Por values ('2018102981','7106379','1865')
insert into Alimentado_Por values ('2018102981','7106380','1831')
insert into Alimentado_Por values ('2018102981','7106381','1800')
insert into Alimentado_Por values ('2020001921','7106344','1878')
insert into Alimentado_Por values ('2020001921','7106379','1835')
insert into Alimentado_Por values ('2020001921','7106381','1800')
insert into Alimentado_Por values ('2020001921','7106382','1843')
insert into Alimentado_Por values ('2020001921','7106383','1811')
insert into Alimentado_Por values ('2009202121','7106379','1835')
insert into Alimentado_Por values ('2009202121','7106380','1831')
insert into Alimentado_Por values ('2009202121','7106381','1812')
insert into Alimentado_Por values ('2009202121','7106382','1843')
insert into Alimentado_Por values ('2017623321','7106344','1878')
insert into Alimentado_Por values ('2017623321','7106379','1865')
insert into Alimentado_Por values ('2017623321','7106381','1812')
insert into Alimentado_Por values ('2017623321','7106382','1843')
insert into Alimentado_Por values ('2017623321','7106383','1811')
insert into Alimentado_Por values ('2010231232','7106344','1878')
insert into Alimentado_Por values ('2010231232','7106381','1812')
insert into Alimentado_Por values ('2010231232','7106382','1843')
insert into Alimentado_Por values ('2010231232','7106383','1811')
insert into Alimentado_Por values ('2020288122','7106344','1878')
insert into Alimentado_Por values ('2020288122','7106380','1831')
insert into Alimentado_Por values ('2020288122','7106381','1812')
insert into Alimentado_Por values ('2020288122','7106382','1843')
insert into Alimentado_Por values ('2020288122','7106122','1878')
insert into Alimentado_Por values ('2020288122','7106001','1865')
insert into Alimentado_Por values ('2020288122','7106898','1856')
insert into Alimentado_Por values ('2019945432','7106379','1865')
insert into Alimentado_Por values ('2019945432','7106380','1831')
insert into Alimentado_Por values ('2019945432','7106381','1812')
insert into Alimentado_Por values ('2019945432','7106382','1843')
insert into Alimentado_Por values ('2019945432','7106383','1811')
insert into Alimentado_Por values ('2017873521','7106379','1865')
insert into Alimentado_Por values ('2017873521','7106380','1831')
insert into Alimentado_Por values ('2017873521','7106381','1812')
insert into Alimentado_Por values ('2017873521','7106382','1843')
insert into Alimentado_Por values ('2016228812','7106379','1865')
insert into Alimentado_Por values ('2016228812','7106380','1831')
insert into Alimentado_Por values ('2016228812','7106382','1843')
insert into Alimentado_Por values ('2016228812','7106383','1811')
